document_id	cleaned_text	sentiment
1.89205E+18	your passion data scienc analyt career growth let connect regularli share insight job opportun learn resourc let connect ai ml artificialintelligencemachinelearn datasci trend	neutral
1.89205E+18	eight forc shape futur citi internetofth smartciti machinelearn ml industri ircc	neutral
1.89204E+18	aiml engin peratonfollow updat new job ai ml aijob aital hiringmachinelearningchantilli	positive
1.89204E+18	eugen share riscv hpc ai ml excit plan technolog lower cost comput along live demo	positive
1.89203E+18	snnew ai ml processor electron hw nvidia snap back biden innovationkil ai chip export restrict	neutral
1.89203E+18	success requir access multidisciplinari team technolog expert itservic humanresourc procur professionalservic staf workforc ai ml	positive
1.89202E+18	cybersecur algorithm inbox help shailenzo uzaksehir kaiserpresident palestin ukteen usa statist datascientist pythonanalyt datasci ai machinelearn ml mathemat statisticalliteraci dataliteraci dataflu dataanalyt rstat	neutral
1.89202E+18	cybersecur threat machinelearn deeplearn bigdata datasci ml healthtech datavisu artificialintelig softwareengin genai deeplearn chatgpt openai python ai kera sql statist daysofcod x	neutral
1.89202E+18	new research ai explor arxiv potenti applic seeml deeplearn artificialintellig ai reinforcementlearn research rl research advanc ai technolog research advanc ai technologyai	positive
1.89201E+18	data scienc amp engin expert ai innov center singapor tiktokfollow updat new job ai ml aijob aital hiringdatasciencesingapor	positive
1.89201E+18	tonight london informationretriev amp ai meetup gmt ml engin arsani guirgui amp bruno taill share question bank highqual question amp answer expert help provid reliabl answer popular queri	positive
1.89201E+18	secur risk inbox help python program develop programm code coder softwaredevelop computersci webdev webdevelop webdevelop pythonprogram pythonquiz ai ml machinelearn datasci nampingst rohitsharma zeudin	neutral
1.89201E+18	cyber threatssecur inbox help deprem earthquak python program develop programm code coder softwaredevelop computersci webdev webdevelop webdevelop pythonprogram pythonquiz ai ml machinelearn datasci	neutral
1.892E+18	bring hackeddisabledlockedun loginsuspend account cyber dropbox hack trackcycl trackcar tracker el bist lostingulfsspac pushpatherul yentertainawardsxminut viral hack facebookdown instahack ml code	neutral
1.892E+18	snnew u electron semiconductor hw sw hpc ai ml fact sheet ensur u secur econom strength age artifici intellig	neutral
1.892E+18	centralis ai danger stop itai aiio bigdata ml nlu futureofwork	neutral
1.892E+18	improv filter im integr decis accuraci bet profit perceptronth goal reward model correct predict profit bet pick winnersnba ai ml bet sportsanalyt	neutral
1.89199E+18	string format pythonpython program develop programm code coder softwaredevelop computersci webdev webdevelop webdevelop pythonprogram pythonquiz ai ml machinelearn datasci	neutral
1.89199E+18	contextawar ai agent give u superpow aiagent ar aiagent ml tech	neutral
1.89199E+18	bring hackeddisabledlockedun loginsuspend account cyber dropbox hack trackcycl trackcar tracker el bist lostingulfsspac pushpatherul yentertainawardsxminut viral hack facebookdown instahack ml code	neutral
1.89199E+18	ai truli potenti transform mani industri wide rang possibl use case differ industri use case common datadrivensourc link rt ai ml data	negative
1.89199E+18	cybersecur algorithm inbox help shailenzo uzaksehir kaiserpresident palestin ukteen usa statist datascientist pythonanalyt datasci ai machinelearn ml mathemat statisticalliteraci dataliteraci dataflu dataanalyt rstat	neutral
1.89199E+18	speed innov cloud strategi that right contact itco today citrix cloud aw googl microsoft sap softwarelicens agil ai ml	positive
1.89199E+18	perform lung cancer predict model screeningdetect incident biopsi pulmonari nodul cancer machinelearn ml	neutral
1.89199E+18	small languag model fsi caresmalllanguagemodel slm technolog techniqu ml machinelearn perform complex benefit model	negative
1.89199E+18	c mostli use inrnartificialintellig al mldatasci datascientistscodenewbi tech deeplearningcybersecur python code javascript rstat daysofcod	neutral
1.89198E+18	multivari logist regress r less code result watch video even valu rstat statist dataanalysi stat datasci rd rprogram ml ai	negative
1.89198E+18	multivari logist regress r less code result watch video even valu rstat statist dataanalysi stat datasci rd rprogram ml ai	negative
1.89198E+18	multivari logist regress r less code result watch video even valu rstat statist dataanalysi stat datasci rd rprogram ml ai	negative
1.89198E+18	multivari logist regress r less code result watch video even valu rstat statist dataanalysi stat datasci rd rprogram ml ai	negative
1.89198E+18	multivari logist regress r less code result watch video even valu rstat statist dataanalysi stat datasci rd rprogram ml ai	negative
1.89198E+18	multivari logist regress r less code result watch video even valu rstat statist dataanalysi stat datasci rd rprogram ml ai	negative
1.89198E+18	multivari logist regress r less code result watch video even valu rstat statist dataanalysi stat datasci rd rprogram ml ai	negative
1.89198E+18	multivari logist regress r less code result watch video even valu rstat statist dataanalysi stat datasci rd rprogram ml ai	negative
1.89198E+18	multivari logist regress r less code result watch video even valu rstat statist dataanalysi stat datasci rd rprogram ml ai	negative
1.89198E+18	multivari logist regress r less code result watch video even valu rstat statist dataanalysi stat datasci rd rprogram ml ai	negative
1.89198E+18	multivari logist regress r less code result watch video even valu rstat statist dataanalysi stat datasci rd rprogram ml ai	negative
1.89198E+18	multivari logist regress r less code result watch video even valu rstat statist dataanalysi stat datasci rd rprogram ml ai	negative
1.89198E+18	multivari logist regress r less code result watch video even valu rstat statist dataanalysi stat datasci rd rprogram ml ai	negative
1.89198E+18	multivari logist regress r less code result watch video even valu rstat statist dataanalysi stat datasci rd rprogram ml ai	negative
1.89198E+18	multivari logist regress r less code result watch video even valu rstat statist dataanalysi stat datasci rd rprogram ml ai	negative
1.89198E+18	multivari logist regress r less code result watch video even valu rstat statist dataanalysi stat datasci rd rprogram ml ai	negative
1.89198E+18	multivari logist regress r less code result watch video even valu rstat statist dataanalysi stat datasci rd rprogram ml ai	negative
1.89198E+18	human ai pin dead aiagent ai ml nlp llm genai	negative
1.89198E+18	xai launch grok power ai yettrain gpu superclust grok outperform gpto claud deepseek v amp gemini pro score chatbot arenanew featur think mode big brain mode deepsearch voic modexai grok ai ml tech	neutral
1.89198E+18	senior comput vision deep learn algorithm engin mobileyefollow updat new job ai ml aijob aital hiringcomputervis deeplearninggan	positive
1.89198E+18	liquidcool year reviewth rapid adopt ai ml applic dramat chang datacent cool landscap buckl dcf contribut editor bill kleyman outlin what happen past yearhyperscal gpu	positive
1.89198E+18	liquidcool year reviewth rapid adopt ai ml applic dramat chang datacent cool landscap buckl dcf contribut editor bill kleyman outlin what happen past yearhyperscal gpu	positive
1.89197E+18	ai hidden cost data prepar break budget ai dataamang llm ml	negative
1.89197E+18	short crypto mlusd ml mlusdt mlsup first target break strong hourli chart reach subsequ target updat cryptotrad crypto	positive
1.89197E+18	third wave ai agent ai transform way workai aiio bigdata ml nlu futureofwork	neutral
1.89197E+18	devop embrac ai autom machinelearn artificialintellig ml mi cc	neutral
1.89196E+18	moneylin playsbuffalo mlbyu mlmarquett fliff fanduel moneylin ml cbb layinglay	neutral
1.89196E+18	machin learn transform space explor rf microwav tech ml innov enhanc signalprocess data clariti object detect reshap space safeti communicationsystem	neutral
1.89196E+18	day start read fastapi documentationit perfect documentml machinelearn fastapi	positive
1.89196E+18	shop llm here know price ai ml llm tech opensourc softwar	neutral
1.89196E+18	discov machin learn ml act vital compon artifici intellig revolution industri drive innovationai ml dl aibytec artificialintellig machinelearn innov	positive
1.89196E+18	deeplearn model morpholog measur unruptur intracrani aneurysm neurorad ml machinelearn	neutral
1.89196E+18	opensourc startup learn casestudi ai ml machinelearn	neutral
1.89196E+18	new era serverless infer hyperbol nebiu ai studio novita join hug face hubai ml ainew machinelearn artificialintellig singular	positive
1.89195E+18	benfica monaco half timeour ml model favour benfica chanc win stat uefachampionsleagu benfica asmonaco ucl championsleagu	positive
1.89195E+18	bayern munich celtic half timeour ml model favour bayern munich chanc win get best predict uefachampionsleagu bayernmunich celtic ucl championsleagu	positive
1.89195E+18	first half gewissstadiumour ml model favour club brugg chanc win uefachampionsleagu atalanta clubbrugg ucl championsleagu	positive
1.89195E+18	good talk sunita chandrasekaran optimis scienc capabl ai use exampl improv simul instabl plasma introduc ml workflow benefit includ help reduc data volum mwnz hpc	positive
1.89195E+18	ai next industri revolut embrac futur without fearbi jeff schmidt read artificialintellig machinelearn digitaltransform ml mi cc	neutral
1.89195E+18	mansfield town lincoln citi half timeour ml model favour lincoln citi chanc win stat englishleagueon mansfieldtown lincolnc nonenon	positive
1.89195E+18	crawley town wigan athlet half timehard time ml model give crawley town chanc win englishleagueon crawleytown wiganathlet nonenon	positive
1.89195E+18	greenock morton hamilton academ half timeour ml model favour greenock morton chanc win scottishchampionship greenockmorton hamiltonacadem	positive
1.89195E+18	lost account dont anyth worri send dm help artifici intellig ai ml datasci datascientist snapchat python code javascript rstat daysofcod program linux lot llot bigdata gmail	neutral
1.89195E+18	protect user data sourc code analysi scale viameta engin analyt data bigdata datasci businessintellig ml ai	neutral
1.89195E+18	ai compil engin renesa electronicsfollow updat new job ai ml aijob aital hiringmachinelearningsingapor	positive
1.89195E+18	financi news sentiment analysi predict stock movement headlin bullishbearish classif sentiment amp perform visual power vader amp random forest view project ml fintech datasci python	negative
1.89195E+18	world first human procedur robot dentistbi robot artificialintellig machinelearn ai ml mi innov cc	positive
1.89194E+18	safe superintellig ilya sutskev ai startup reportedli close rais roughli b aiagent ai ml nlp llm genai	positive
1.89194E+18	fastmri dataset includ breast datalead author amp sr author explain make fastmri breast data uniqu ampal ai ml innov mri breastcanc	neutral
1.89194E+18	birmingham citi v bradford citi todayhard time ml model give birmingham citi chanc win follow game englishefltrophi birminghamc bradfordc nonenon	positive
1.89194E+18	atalanta v club brugg todayour ml model favour atalanta chanc win follow game uefachampionsleagu atalanta clubbrugg ucl championsleagu	positive
1.89194E+18	cmostli use inrnartificialintellig al mldatasci datascientistscodenewbi tech deeplearningcybersecur python code javascript rstat daysofcod program linux lot llotbigdata	neutral
1.89194E+18	artifici intellig machin learn revolution way use technolog virtual assist smart home experienc new age autom innov ai ml techtrend feel free expand idea	positive
1.89194E+18	itco ai consult servic allow leverag ai transform busi oper drive innov stay competit today rapidli evolv marketplac ai ml itservic itconsult professionalservic	neutral
1.89193E+18	know data bigdata amp ml data come three form structur organ predefin easi analyz semistructur order strictli format unstructur raw messi full hidden insightsmachinelearn datasci	negative
1.89193E+18	join infoq articl write competitiontopr author win freeticket promin softwar develop confer qcon infoqdevsummitent ai ml dataengin softwarearchitectur devop cloudcomput	positive
1.89193E+18	fulli autom humanassist aibas measur pleural effus ct chestrad deeplearn ml	neutral
1.89193E+18	ai v lotteri ml ai lotterysystem ar possibl profit train data ml k time authent brute forc innov startup	neutral
1.89192E+18	digit transform boost effici enhanc custom experi provid data insight foster innov improv collabor drive competit advantagesynkriom techevolut digitaltransform ml ai	neutral
1.89192E+18	join infoq articl write competitiontopr author win freeticket promin softwar develop confer qcon infoqdevsummitent ai ml dataengin softwarearchitectur devop cloudcomput	positive
1.89192E+18	ad free download resourc subscrib resourc avail subscrib account subscrib usmonthmachinelearn ai datasci python mathemat statist sql genai iot ml fintech	positive
1.89192E+18	eli surf friday tail u want ml fersur	neutral
1.89192E+18	demystifi swiftsautoreleasepool memori manag made rel easi swift iosdevelop memorymanag perform autoreleasepool program swiftlanguag mobiledevelop ai artificialintellig machinelearn ml	neutral
1.89192E+18	think machin lab exopenai cto mira murati new startup aiagent ai ml nlp llm genai	positive
1.89192E+18	big news month aip move toward becom publicli trade compani ai evolv lightn speed enter memorandum understand railtown ai technolog ai intent combin themaip ai ml	neutral
1.89192E+18	ai tokenom hypeoptim ai isnt gpusit maxim everi token flop amp byte weka latest research show see lab result ai ml tokenom gpu	positive
1.89192E+18	hardwar architect ai subsystem renesa electronicsfollow updat new job ai ml aijob aital hiringsystemsarchitecturebeij	positive
1.89192E+18	snnew electron semiconductor processor ai ml vertic comput new imec spinoff rais million revolution futur ai comput	positive
1.89191E+18	futur industri autom isnt come alreadi happen live proveit booth iiot ai machinelearn ml proveit industri manufactur digitaltransform	positive
1.89191E+18	govern agenc reli data drive decis impact citizen amp nation secur ai ml amp hpc solut provid tool need secur manag data improv decisionmak amp ensur complianc	neutral
1.89191E+18	learn get publish toward ai join contributor reach audienc followersmachinelearn ml ai datasci deeplearn towardsai	neutral
1.89191E+18	engag crypto amp ai insight ai predict bitcoin next move machin learn shape crypto trade like never could ai beat human tradersai bitcoin cryptotrad ml web	neutral
1.8919E+18	day learn journeytoday discus mlp pyq revisit key concept problemsolv approach ml deeplearn mlp	neutral
1.8919E+18	contextawar ai agent give u superpow aiagent ar aiagent ml tech	neutral
