tweet_id,created_at,author_id,text,likes,retweets,cleaned_text
1892054142241153326,2025-02-19 03:30:34+00:00,2938342669,"If you're passionate about Data Science, Analytics, and Career Growth, let's connect!

üìå I regularly share insights, job opportunities, and learning resources.

üîó Let‚Äôs connect: 

#AI #ML #ArtificialIntelligence
#MachineLearning #DataScience #trending",0,0,your passion data scienc analyt career growth let connect regularli share insight job opportun learn resourc let connect ai ml artificialintelligencemachinelearn datasci trend
1892045952539664772,2025-02-19 02:58:02+00:00,555031989,"Eight forces that will shape the future cities 
by 

#InternetOfThings #Smartcity #MachineLearning #ML #Industry40 #4IR

cc:",4,1,eight forc shape futur citi internetofth smartciti machinelearn ml industri ircc
1892038412032520263,2025-02-19 02:28:04+00:00,1629373825916780546,"AI/ML Engineer 
Peraton



Follow to be updated on new #jobs in #AI !

#ML #AIJobs #AITalent #hiring
#MachineLearning
#Chantilly",0,0,aiml engin peratonfollow updat new job ai ml aijob aital hiringmachinelearningchantilli
1892036012215341484,2025-02-19 02:18:32+00:00,1298689728783495169,"Eugene from  shares #RISCV for #HPC #AI and #ML and some of the exciting planned technologies to lower the cost of compute, along with a live demo",0,0,eugen share riscv hpc ai ml excit plan technolog lower cost comput along live demo
1892032103262400761,2025-02-19 02:03:00+00:00,7365972,sn-news: #ai #ml #processors #electronics #hw Nvidia snaps back at Biden's 'innovation-killing' AI chip export restrictions,0,0,snnew ai ml processor electron hw nvidia snap back biden innovationkil ai chip export restrict
1892028873853816983,2025-02-19 01:50:10+00:00,893859801582583809,Success requires access to multidisciplinary teams of technology experts.  #itservices #humanresources #procurement #professionalservices #staffing #workforce #ai #ml,0,0,success requir access multidisciplinari team technolog expert itservic humanresourc procur professionalservic staf workforc ai ml
1892018895684333715,2025-02-19 01:10:31+00:00,1621447081717030913,"Cybersecurity Algorithm. Inbox me for help. #shailenzo #uzaksehir #KaiserPresidente #Palestine #ukteen #USA 
#Statistics #DataScientists #Python
#Analytics #DataScience #AI #MachineLearning #ML #Mathematics #StatisticalLiteracy #DataLiteracy #DataFluency #DataAnalytics #Rstats",0,0,cybersecur algorithm inbox help shailenzo uzaksehir kaiserpresident palestin ukteen usa statist datascientist pythonanalyt datasci ai machinelearn ml mathemat statisticalliteraci dataliteraci dataflu dataanalyt rstat
1892018567463198988,2025-02-19 01:09:13+00:00,1621447081717030913,Cybersecurity threat ?#MachineLearning #DeepLearning #BigData #Datascience #ML #HealthTech #DataVisualization #ArtificialInteligence #SoftwareEngineering #GenAI #deeplearning #ChatGPT #OpenAI #python #AI #keras #SQL #Statistics #100DaysOfCode #1000x,0,0,cybersecur threat machinelearn deeplearn bigdata datasci ml healthtech datavisu artificialintelig softwareengin genai deeplearn chatgpt openai python ai kera sql statist daysofcod x
1892017546402144738,2025-02-19 01:05:09+00:00,1878431545981329409,"New research in AI explores arXiv:2502.... What potential applications do you see?

#ML #DeepLearning #ArtificialIntelligence #AI #ReinforcementLearning #Research #RL  This research advances AI technology. This research advances AI technology.#AI",0,0,new research ai explor arxiv potenti applic seeml deeplearn artificialintellig ai reinforcementlearn research rl research advanc ai technolog research advanc ai technologyai
1892008120332804439,2025-02-19 00:27:42+00:00,1629373825916780546,"Data Science &amp; Engineering Expert - AI Innovation Center (Singapore) 
TikTok



Follow to be updated on new #jobs in #AI !

#ML #AIJobs #AITalent #hiring
#DataScience
#Singapore",0,0,data scienc amp engin expert ai innov center singapor tiktokfollow updat new job ai ml aijob aital hiringdatasciencesingapor
1892007750227329082,2025-02-19 00:26:14+00:00,270460626,At tonight's London #InformationRetrieval &amp; #AI #Meetup (18:30 GMT) #ML engineers Arsany Guirguis &amp; Bruno Taill√© will share how a question bank of high-quality questions &amp; answers from experts can help provide reliable answers to the most popular queries,1,0,tonight london informationretriev amp ai meetup gmt ml engin arsani guirgui amp bruno taill share question bank highqual question amp answer expert help provid reliabl answer popular queri
1892006059281150145,2025-02-19 00:19:30+00:00,1294720632983302149,"Security risk? Inbox me for help. 
#python #programming #developer #programmer #coding #coder #softwaredeveloper #computerscience #webdev #webdeveloper #webdevelopment #pythonprogramming #pythonquiz #ai #ml #machinelearning #datascience #nampingster #RohitSharma #zeudiners",0,0,secur risk inbox help python program develop programm code coder softwaredevelop computersci webdev webdevelop webdevelop pythonprogram pythonquiz ai ml machinelearn datasci nampingst rohitsharma zeudin
1892005793848803545,2025-02-19 00:18:27+00:00,1294720632983302149,"Cyber threats/security ? Inbox me for help. #deprem #earthquake 
#python #programming #developer #programmer #coding #coder #softwaredeveloper #computerscience #webdev #webdeveloper #webdevelopment #pythonprogramming #pythonquiz #ai #ml #machinelearning #datascience",0,0,cyber threatssecur inbox help deprem earthquak python program develop programm code coder softwaredevelop computersci webdev webdevelop webdevelop pythonprogram pythonquiz ai ml machinelearn datasci
1892003113638260774,2025-02-19 00:07:48+00:00,574219697,"Bring me those hacked,disabled,locked,unable to login,suspended accounts. #CYBER #dropbox #Hacked #trackcycling #trackcar #tracker #elsed #bist100 #LostinGULFSSpace #Pushpa2TheRule¬†¬† #YEntertainAwards2024x4MINUTES #viral #hack #facebookdown #instahack #ml #code",0,0,bring hackeddisabledlockedun loginsuspend account cyber dropbox hack trackcycl trackcar tracker el bist lostingulfsspac pushpatherul yentertainawardsxminut viral hack facebookdown instahack ml code
1892001400814547084,2025-02-19 00:01:00+00:00,7365972,sn-news: #us #electronics #semiconductors #hw #sw #hpc #ai #ml FACT SHEET: Ensuring U.S. Security and Economic Strength in the Age of Artificial Intelligence,0,0,snnew u electron semiconductor hw sw hpc ai ml fact sheet ensur u secur econom strength age artifici intellig
1892001261316166085,2025-02-19 00:00:27+00:00,722592726,"Centralised AI is dangerous: how can we stop it?
#AI #AIio #BigData #ML #NLU #Futureofwork",0,1,centralis ai danger stop itai aiio bigdata ml nlu futureofwork
1891999587457695846,2025-02-18 23:53:47+00:00,1778930995120803840,"To improve filtering, I‚Äôm now integrating decision accuracy and bet profit into the perceptron.

The goal: reward the model for correct predictions and profitable bets, not just picking winners.

#NBA #AI #ML #Betting #SportsAnalytics",0,0,improv filter im integr decis accuraci bet profit perceptronth goal reward model correct predict profit bet pick winnersnba ai ml bet sportsanalyt
1891994103165956102,2025-02-18 23:32:00+00:00,743780794997547008,"String formatting in Python

#python #programming #developer #programmer #coding #coder #softwaredeveloper #computerscience #webdev #webdeveloper #webdevelopment #pythonprogramming #pythonquiz #ai #ml #machinelearning #datascience",51,5,string format pythonpython program develop programm code coder softwaredevelop computersci webdev webdevelop webdevelop pythonprogram pythonquiz ai ml machinelearn datasci
1891993858646364332,2025-02-18 23:31:02+00:00,2800599859,Why context-aware #AI agents will give us superpowers in 2025 -  #AIagents #AR #AIagents #ML #tech,0,0,contextawar ai agent give u superpow aiagent ar aiagent ml tech
1891992889959301579,2025-02-18 23:27:11+00:00,1709616838303203328,"Bring me those hacked,disabled,locked,unable to login,suspended accounts. #CYBER #dropbox #Hacked #trackcycling #trackcar #tracker #elsed #bist100 #LostinGULFSSpace #Pushpa2TheRule¬† #YEntertainAwards2024x4MINUTES #viral #hack #facebookdown #instahack #ml #code",0,0,bring hackeddisabledlockedun loginsuspend account cyber dropbox hack trackcycl trackcar tracker el bist lostingulfsspac pushpatherul yentertainawardsxminut viral hack facebookdown instahack ml code
1891991734084653319,2025-02-18 23:22:35+00:00,793482209185370112,"AI truly has the potential to transform many industries, with a wide range of possible use cases. What all these different industries and use cases have in common is that they are all data-driven.

Source  Link  rt  #AI #ML #data",4,2,ai truli potenti transform mani industri wide rang possibl use case differ industri use case common datadrivensourc link rt ai ml data
1891989044680143249,2025-02-18 23:11:54+00:00,1709616838303203328,"Cybersecurity Algorithm. Inbox me for help. #shailenzo #uzaksehir #KaiserPresidente #Palestine #ukteen #USA 
#Statistics #DataScientists #Python
#Analytics #DataScience #AI #MachineLearning #ML #Mathematics #StatisticalLiteracy #DataLiteracy #DataFluency #DataAnalytics #Rstats",0,0,cybersecur algorithm inbox help shailenzo uzaksehir kaiserpresident palestin ukteen usa statist datascientist pythonanalyt datasci ai machinelearn ml mathemat statisticalliteraci dataliteraci dataflu dataanalyt rstat
1891988617922277878,2025-02-18 23:10:12+00:00,893859801582583809,Speed Innovation with a cloud strategy that's right for you. Contact ITCO today. #citrix #cloud #aws #google #microsoft #sap #softwarelicensing #agile #ai #ml,0,0,speed innov cloud strategi that right contact itco today citrix cloud aw googl microsoft sap softwarelicens agil ai ml
1891987333366550675,2025-02-18 23:05:06+00:00,1060535823173644290,"Performance of Lung Cancer Prediction Models for Screening-detected, Incidental, and Biopsied Pulmonary Nodules     #cancer #MachineLearning #ML",1,0,perform lung cancer predict model screeningdetect incident biopsi pulmonari nodul cancer machinelearn ml
1891986147280036249,2025-02-18 23:00:23+00:00,3018375669,"Small language models: What are they and why should FSIs care?


#SmallLanguageModels #SLM #technology #techniques #ML #MachineLearning #Performance #Complexity #Benefits #Models",0,0,small languag model fsi caresmalllanguagemodel slm technolog techniqu ml machinelearn perform complex benefit model
1891985555245695100,2025-02-18 22:58:02+00:00,1739749101250453504,"C++ mostly used in
Rn
#ArtificialIntelligence #Al #ML
#DataScience #DataScientists
#CodeNewbies #Tech #deeplearning
#CyberSecurity #Python #Coding #javascript #rstats #100DaysOfCode",0,0,c mostli use inrnartificialintellig al mldatasci datascientistscodenewbi tech deeplearningcybersecur python code javascript rstat daysofcod
1891984916537053639,2025-02-18 22:55:30+00:00,1245842226678202369,"Multivariable Logistic Regression in #R LESS CODE, MORE RESULTS! üí™

Watch the video for even more value: 

 #rstats #statistics #dataanalysis #stats #datascience #r4ds #RProgramming #ML #AI",6,0,multivari logist regress r less code result watch video even valu rstat statist dataanalysi stat datasci rd rprogram ml ai
1891984778397638729,2025-02-18 22:54:57+00:00,1245842226678202369,"Multivariable Logistic Regression in #R LESS CODE, MORE RESULTS! üí™

Watch the video for even more value: 

 #rstats #statistics #dataanalysis #stats #datascience #r4ds #RProgramming #ML #AI",7,2,multivari logist regress r less code result watch video even valu rstat statist dataanalysi stat datasci rd rprogram ml ai
1891984624248672338,2025-02-18 22:54:20+00:00,1245842226678202369,"Multivariable Logistic Regression in #R LESS CODE, MORE RESULTS! üí™

Watch the video for even more value: 

 #rstats #statistics #dataanalysis #stats #datascience #r4ds #RProgramming #ML #AI",0,0,multivari logist regress r less code result watch video even valu rstat statist dataanalysi stat datasci rd rprogram ml ai
1891984485748548064,2025-02-18 22:53:47+00:00,1245842226678202369,"Multivariable Logistic Regression in #R LESS CODE, MORE RESULTS! üí™

Watch the video for even more value: 

 #rstats #statistics #dataanalysis #stats #datascience #r4ds #RProgramming #ML #AI",0,0,multivari logist regress r less code result watch video even valu rstat statist dataanalysi stat datasci rd rprogram ml ai
1891984277010629027,2025-02-18 22:52:57+00:00,1245842226678202369,"Multivariable Logistic Regression in #R LESS CODE, MORE RESULTS! üí™

Watch the video for even more value: 

 #rstats #statistics #dataanalysis #stats #datascience #r4ds #RProgramming #ML #AI",1,0,multivari logist regress r less code result watch video even valu rstat statist dataanalysi stat datasci rd rprogram ml ai
1891984158362153257,2025-02-18 22:52:29+00:00,1245842226678202369,"Multivariable Logistic Regression in #R LESS CODE, MORE RESULTS! üí™

Watch the video for even more value: 

 #rstats #statistics #dataanalysis #stats #datascience #r4ds #RProgramming #ML #AI",1,0,multivari logist regress r less code result watch video even valu rstat statist dataanalysi stat datasci rd rprogram ml ai
1891984032998498807,2025-02-18 22:51:59+00:00,1245842226678202369,"Multivariable Logistic Regression in #R LESS CODE, MORE RESULTS! üí™

Watch the video for even more value: 

 #rstats #statistics #dataanalysis #stats #datascience #r4ds #RProgramming #ML #AI",0,0,multivari logist regress r less code result watch video even valu rstat statist dataanalysi stat datasci rd rprogram ml ai
1891983781583606128,2025-02-18 22:50:59+00:00,1245842226678202369,"Multivariable Logistic Regression in #R LESS CODE, MORE RESULTS! üí™

Watch the video for even more value: 

 #rstats #statistics #dataanalysis #stats #datascience #r4ds #RProgramming #ML #AI",0,0,multivari logist regress r less code result watch video even valu rstat statist dataanalysi stat datasci rd rprogram ml ai
1891983636037058973,2025-02-18 22:50:24+00:00,1245842226678202369,"Multivariable Logistic Regression in #R LESS CODE, MORE RESULTS! üí™

Watch the video for even more value: 

 #rstats #statistics #dataanalysis #stats #datascience #r4ds #RProgramming #ML #AI",4,1,multivari logist regress r less code result watch video even valu rstat statist dataanalysi stat datasci rd rprogram ml ai
1891983510476300356,2025-02-18 22:49:54+00:00,1245842226678202369,"Multivariable Logistic Regression in #R LESS CODE, MORE RESULTS! üí™

Watch the video for even more value: 

 #rstats #statistics #dataanalysis #stats #datascience #r4ds #RProgramming #ML #AI",2,0,multivari logist regress r less code result watch video even valu rstat statist dataanalysi stat datasci rd rprogram ml ai
1891983337964617786,2025-02-18 22:49:13+00:00,1245842226678202369,"Multivariable Logistic Regression in #R LESS CODE, MORE RESULTS! üí™

Watch the video for even more value: 

 #rstats #statistics #dataanalysis #stats #datascience #r4ds #RProgramming #ML #AI",1,0,multivari logist regress r less code result watch video even valu rstat statist dataanalysi stat datasci rd rprogram ml ai
1891983131479101821,2025-02-18 22:48:24+00:00,1245842226678202369,"Multivariable Logistic Regression in #R LESS CODE, MORE RESULTS! üí™

Watch the video for even more value: 

 #rstats #statistics #dataanalysis #stats #datascience #r4ds #RProgramming #ML #AI",0,0,multivari logist regress r less code result watch video even valu rstat statist dataanalysi stat datasci rd rprogram ml ai
1891982979703984326,2025-02-18 22:47:48+00:00,1245842226678202369,"Multivariable Logistic Regression in #R LESS CODE, MORE RESULTS! üí™

Watch the video for even more value: 

 #rstats #statistics #dataanalysis #stats #datascience #r4ds #RProgramming #ML #AI",0,0,multivari logist regress r less code result watch video even valu rstat statist dataanalysi stat datasci rd rprogram ml ai
1891982810723827925,2025-02-18 22:47:08+00:00,1245842226678202369,"Multivariable Logistic Regression in #R LESS CODE, MORE RESULTS! üí™

Watch the video for even more value: 

 #rstats #statistics #dataanalysis #stats #datascience #r4ds #RProgramming #ML #AI",1,0,multivari logist regress r less code result watch video even valu rstat statist dataanalysi stat datasci rd rprogram ml ai
1891982618737914091,2025-02-18 22:46:22+00:00,1245842226678202369,"Multivariable Logistic Regression in #R LESS CODE, MORE RESULTS! üí™

Watch the video for even more value: 

 #rstats #statistics #dataanalysis #stats #datascience #r4ds #RProgramming #ML #AI",0,0,multivari logist regress r less code result watch video even valu rstat statist dataanalysi stat datasci rd rprogram ml ai
1891982092948459755,2025-02-18 22:44:16+00:00,1245842226678202369,"Multivariable Logistic Regression in #R LESS CODE, MORE RESULTS! üí™

Watch the video for even more value: 

 #rstats #statistics #dataanalysis #stats #datascience #r4ds #RProgramming #ML #AI",0,0,multivari logist regress r less code result watch video even valu rstat statist dataanalysi stat datasci rd rprogram ml ai
1891981838995869980,2025-02-18 22:43:16+00:00,1245842226678202369,"Multivariable Logistic Regression in #R LESS CODE, MORE RESULTS! üí™

Watch the video for even more value: 

 #rstats #statistics #dataanalysis #stats #datascience #r4ds #RProgramming #ML #AI",45,12,multivari logist regress r less code result watch video even valu rstat statist dataanalysi stat datasci rd rprogram ml ai
1891980364429574453,2025-02-18 22:37:24+00:00,1169697972,"ü´µ 

¬ªHumane‚Äôs AI Pin is dead¬´  #AIagent #AI #ML #NLP #LLM #GenAI",0,0,human ai pin dead aiagent ai ml nlp llm genai
1891979674911215714,2025-02-18 22:34:40+00:00,1086279796877717504,"xAI launches Grok 3 ‚Äì the most powerful AI yet!

Trained on a 200,000-GPU supercluster, Grok 3 outperforms GPT-4o, Claude 3.5, DeepSeek V3 &amp; Gemini 2 Pro, scoring 1400 on Chatbot Arena.

New features: Think Mode, Big Brain Mode, DeepSearch, Voice Mode.

#xAI #Grok3 #AI #ML #Tech",1,0,xai launch grok power ai yettrain gpu superclust grok outperform gpto claud deepseek v amp gemini pro score chatbot arenanew featur think mode big brain mode deepsearch voic modexai grok ai ml tech
1891978077879554373,2025-02-18 22:28:19+00:00,1629373825916780546,"Senior Computer Vision and Deep Learning Algorithm Engineer 
Mobileye



Follow to be updated on new #jobs in #AI !

#ML #AIJobs #AITalent #hiring
#ComputerVision #DeepLearning
#Gan",0,0,senior comput vision deep learn algorithm engin mobileyefollow updat new job ai ml aijob aital hiringcomputervis deeplearninggan
1891976667976892523,2025-02-18 22:22:43+00:00,29455713,"#LiquidCooling: A Year in Review

The rapid adoption of #AI and #ML applications has dramatically changed the #datacenter cooling landscape. Buckle up as DCF Contributing Editor Bill Kleyman outlines what‚Äôs happened in just the past year.

#hyperscale #GPU",0,0,liquidcool year reviewth rapid adopt ai ml applic dramat chang datacent cool landscap buckl dcf contribut editor bill kleyman outlin what happen past yearhyperscal gpu
1891976623349518596,2025-02-18 22:22:32+00:00,3131442760,"#LiquidCooling: A Year in Review

The rapid adoption of #AI and #ML applications has dramatically changed the #datacenter cooling landscape. Buckle up as DCF Contributing Editor Bill Kleyman outlines what‚Äôs happened in just the past year.

#hyperscale #GPU",0,0,liquidcool year reviewth rapid adopt ai ml applic dramat chang datacent cool landscap buckl dcf contribut editor bill kleyman outlin what happen past yearhyperscal gpu
1891972967128617265,2025-02-18 22:08:01+00:00,2800599859,AI‚Äôs Hidden Cost: Will Data Preparation Break Your Budget? -  #AI #dataamangement #LLMs #ML,0,0,ai hidden cost data prepar break budget ai dataamang llm ml
1891971893923639660,2025-02-18 22:03:45+00:00,435252413,"üìâ SHORT : #CRYPTO | #MLUSD | $ML | #MLUSDT | #ML
Sup at 0.0483, first target at 0.170, break strong hourly chart to reach subsequent targets at 0.235, 0.3, and 0.341.
‚ÑπÔ∏è Updates: 
#cryptotrading #crypto",0,0,short crypto mlusd ml mlusdt mlsup first target break strong hourli chart reach subsequ target updat cryptotrad crypto
1891971125220937792,2025-02-18 22:00:42+00:00,722592726,"The Third Wave Of AI Is Here: Why Agentic AI Will Transform The Way We Work
#AI #AIio #BigData #ML #NLU #Futureofwork",3,1,third wave ai agent ai transform way workai aiio bigdata ml nlu futureofwork
1891970453956125075,2025-02-18 21:58:01+00:00,555031989,"What is DevOps and why you should embrace it 
by  

#AI #Automation #MachineLearning #ArtificialIntelligence #ML #MI 

cc:",4,3,devop embrac ai autom machinelearn artificialintellig ml mi cc
1891964298907287835,2025-02-18 21:33:34+00:00,1890255509703258112,"2-18-25 Moneyline Plays‚ÄºÔ∏è
Buffalo ML
BYU ML
Marquette -18.5
#Fliff #FanDuel #moneyline #ML #cbb #LayingLays",1,0,moneylin playsbuffalo mlbyu mlmarquett fliff fanduel moneylin ml cbb layinglay
1891961908946702673,2025-02-18 21:24:04+00:00,202719671,"Machine Learning is transforming space exploration and #RF and #microwave tech!  #ML innovations are enhancing #signalprocessing, data clarity, and object detection, reshaping space safety and #communicationsystems.",0,0,machin learn transform space explor rf microwav tech ml innov enhanc signalprocess data clariti object detect reshap space safeti communicationsystem
1891959956141646058,2025-02-18 21:16:19+00:00,1878713046723604480,"üöÄDay 3 of 90

‚úîÔ∏èI started reading FastAPI documentation.

It has a perfect document:


#ml #MachineLearning #fastapi",1,0,day start read fastapi documentationit perfect documentml machinelearn fastapi
1891958922078032178,2025-02-18 21:12:12+00:00,2800599859,Shopping for an LLM? Here's What to Know About Pricing -  #AI #ML #LLMs #tech #opensource #software,0,0,shop llm here know price ai ml llm tech opensourc softwar
1891957806774808771,2025-02-18 21:07:46+00:00,1672198191146745856,"Discover how machine learning (ML) acts as a vital component of artificial intelligence, revolutionizing industries and driving innovation.

#ai #ml #dl #aibytec #ArtificialIntelligence #MachineLearning #Innovation",1,0,discov machin learn ml act vital compon artifici intellig revolution industri drive innovationai ml dl aibytec artificialintellig machinelearn innov
1891957130791616654,2025-02-18 21:05:05+00:00,1060535823173644290,#DeepLearning model for morphologic measurement of unruptured intracranial aneurysms   #NeuroRad #ML #MachineLearning,3,0,deeplearn model morpholog measur unruptur intracrani aneurysm neurorad ml machinelearn
1891956083381448821,2025-02-18 21:00:55+00:00,6911662,#OpenSource Startups: Learn from #casestudies. #AI #ML #MachineLearning,0,0,opensourc startup learn casestudi ai ml machinelearn
1891955609416724933,2025-02-18 20:59:02+00:00,1795570154002092032,"New Era for Serverless Inference: Hyperbolic, Nebius AI Studio, and Novita Join Hugging Face Hub

#AI #ML #AINews #MachineLearning #ArtificialIntelligence #Singularity",0,0,new era serverless infer hyperbol nebiu ai studio novita join hug face hubai ml ainew machinelearn artificialintellig singular
1891954900889674186,2025-02-18 20:56:13+00:00,1397456817530224640,"Benfica: 1, AS Monaco: 1, half time!
Our #ML model favours Benfica with 54% chance to win! Stats on  
#UEFAChampionsLeague #Benfica #ASMonaco #UCL #ChampionsLeague",0,0,benfica monaco half timeour ml model favour benfica chanc win stat uefachampionsleagu benfica asmonaco ucl championsleagu
1891954798062145592,2025-02-18 20:55:49+00:00,1397456817530224640,"Bayern Munich: 0, Celtic: 0, half time!
Our #ML model favours Bayern Munich with 49% chance to win! Get the best predictions on  
#UEFAChampionsLeague #BayernMunich #Celtic #UCL #ChampionsLeague",0,0,bayern munich celtic half timeour ml model favour bayern munich chanc win get best predict uefachampionsleagu bayernmunich celtic ucl championsleagu
1891954693108060585,2025-02-18 20:55:24+00:00,1397456817530224640,"0 : 3 after the first half at #GewissStadium!
Our #ML model favours Club Brugge with 99% chance to win!  
#UEFAChampionsLeague #Atalanta #ClubBrugge #UCL #ChampionsLeague",0,0,first half gewissstadiumour ml model favour club brugg chanc win uefachampionsleagu atalanta clubbrugg ucl championsleagu
1891954223018827868,2025-02-18 20:53:32+00:00,111317745,"Good talk by Sunita Chandrasekaran on optimising science capability with #AI using the example of improving simulations of instabilities in plasma by introducing #ML into the workflow with benefits including helping reduce data volumes 

#MW25NZ  #HPC",11,1,good talk sunita chandrasekaran optimis scienc capabl ai use exampl improv simul instabl plasma introduc ml workflow benefit includ help reduc data volum mwnz hpc
1891953087423652101,2025-02-18 20:49:01+00:00,555031989,"#AI and The Next Industrial Revolution: Embracing The Future Without Fear
by Jeff Schmidt 

Read more: 

#ArtificialIntelligence #MachineLearning #DigitalTransformation #ML #MI 

cc:",4,4,ai next industri revolut embrac futur without fearbi jeff schmidt read artificialintellig machinelearn digitaltransform ml mi cc
1891951389422579737,2025-02-18 20:42:16+00:00,1397456817530224640,"Mansfield Town: 0, Lincoln City: 1, half time!
Our #ML model favours Lincoln City with 70% chance to win! Stats on  
#EnglishLeagueOne #MansfieldTown #LincolnCity #NoneNone",0,0,mansfield town lincoln citi half timeour ml model favour lincoln citi chanc win stat englishleagueon mansfieldtown lincolnc nonenon
1891951298045522014,2025-02-18 20:41:54+00:00,1397456817530224640,"Crawley Town: 1, Wigan Athletic: 1, half time!
Hard times! Our #ML model gives Crawley Town only 33% chance to win!  
#EnglishLeagueOne #CrawleyTown #WiganAthletic #NoneNone",0,0,crawley town wigan athlet half timehard time ml model give crawley town chanc win englishleagueon crawleytown wiganathlet nonenon
1891951192239935899,2025-02-18 20:41:29+00:00,1397456817530224640,"Greenock Morton: 1, Hamilton Academical: 0, half time!
Our #ML model favours Greenock Morton with 76% chance to win!  
#ScottishChampionship #GreenockMorton #HamiltonAcademical",0,0,greenock morton hamilton academ half timeour ml model favour greenock morton chanc win scottishchampionship greenockmorton hamiltonacadem
1891949700649046237,2025-02-18 20:35:34+00:00,1848593135909134336,"Do you lost your account , you don't have anything to worry about just send me a Dm for help now !!! #Artificial Intelligence #AI #ML #DataScience #DataScientists #snapchat #Python #Coding #javascript #rstats #100DaysOfCode #programming #Linux #loT #lloT #BigData #Gmail",0,0,lost account dont anyth worri send dm help artifici intellig ai ml datasci datascientist snapchat python code javascript rstat daysofcod program linux lot llot bigdata gmail
1891949501142774044,2025-02-18 20:34:46+00:00,287836809,"Protecting user data through source code analysis at scale 
 via/Meta Engineering #Analytics #Data #BigData #DataScience #BusinessIntelligence #ML #AI",1,0,protect user data sourc code analysi scale viameta engin analyt data bigdata datasci businessintellig ml ai
1891947797978456487,2025-02-18 20:28:00+00:00,1629373825916780546,"AI Compiler Engineer 
Renesas Electronics



Follow to be updated on new #jobs in #AI !

#ML #AIJobs #AITalent #hiring
#MachineLearning
#Singapore",0,0,ai compil engin renesa electronicsfollow updat new job ai ml aijob aital hiringmachinelearningsingapor
1891947733121950004,2025-02-18 20:27:44+00:00,1889270206725320704,"üìà Financial News Sentiment Analysis: Predicts stock movements from headlines. üì∞üìä

üî∏ Bullish/Bearish classification
üî∏ Sentiment &amp; performance visualization
üî∏ Powered by VADER &amp; Random Forest

üîó View Project: 

#ML #FinTech #DataScience #Python",0,0,financi news sentiment analysi predict stock movement headlin bullishbearish classif sentiment amp perform visual power vader amp random forest view project ml fintech datasci python
1891946578597810353,2025-02-18 20:23:09+00:00,555031989,"World's first human procedure by #Robotic dentist
by 
 
#Robotics #ArtificialIntelligence #MachineLearning #AI #ML #MI #Innovation
 
cc:",8,0,world first human procedur robot dentistbi robot artificialintellig machinelearn ai ml mi innov cc
1891943929404084567,2025-02-18 20:12:38+00:00,1169697972,"ü´µ 

¬ªSafe Superintelligence, Ilya Sutskever‚Äôs AI startup, is reportedly close to raising roughly $1B¬´  #AIagent #AI #ML #NLP #LLM #GenAI",0,0,safe superintellig ilya sutskev ai startup reportedli close rais roughli b aiagent ai ml nlp llm genai
1891943033387520077,2025-02-18 20:09:04+00:00,712674339909406720,"The fastMRI dataset now includes breast data!
Lead author  &amp; sr. author  explain what makes the fastMRI breast data unique: 


+ &amp;al.,    
#AI #ML #innovation #MRI #BreastCancer
1/3",5,0,fastmri dataset includ breast datalead author amp sr author explain make fastmri breast data uniqu ampal ai ml innov mri breastcanc
1891941301668417857,2025-02-18 20:02:11+00:00,1397456817530224640,"Birmingham City vs Bradford City today!
Hard times! Our #ML model gives Birmingham City only 0% chance to win! Follow the game on  
#EnglishEFLTrophy #BirminghamCity #BradfordCity #NoneNone",0,0,birmingham citi v bradford citi todayhard time ml model give birmingham citi chanc win follow game englishefltrophi birminghamc bradfordc nonenon
1891941023040864413,2025-02-18 20:01:05+00:00,1397456817530224640,"Atalanta vs Club Brugge today!
Our #ML model favours Atalanta with 40% chance to win! Follow the game on  
#UEFAChampionsLeague #Atalanta #ClubBrugge #UCL #ChampionsLeague",0,0,atalanta v club brugg todayour ml model favour atalanta chanc win follow game uefachampionsleagu atalanta clubbrugg ucl championsleagu
1891940996201558452,2025-02-18 20:00:58+00:00,1770913939964018688,"C++mostly used in
Rn
#ArtificialIntelligence #Al #ML
#DataScience #DataScientists
#CodeNewbies #Tech #deeplearning
#CyberSecurity #Python #Coding #javascript #rstats #100DaysOfCode #programming #Linux #loT #lloT
#BigData",0,0,cmostli use inrnartificialintellig al mldatasci datascientistscodenewbi tech deeplearningcybersecur python code javascript rstat daysofcod program linux lot llotbigdata
1891939246518239535,2025-02-18 19:54:01+00:00,1890881026701852672,"Artificial Intelligence and Machine Learning are revolutionizing the way we use technology. From virtual assistants to smart homes, we're experiencing a new age of automation and innovation. #AI #ML #TechTrends 

(Feel free to expand on this idea",0,0,artifici intellig machin learn revolution way use technolog virtual assist smart home experienc new age autom innov ai ml techtrend feel free expand idea
1891937021381206307,2025-02-18 19:45:11+00:00,893859801582583809,"ITCO AI Consulting Services will allow you to leverage AI to transform your business operations, drive innovation, and stay competitive in today's rapidly evolving marketplace.  #ai #ml #itservices #itconsulting #professionalservices",0,0,itco ai consult servic allow leverag ai transform busi oper drive innov stay competit today rapidli evolv marketplac ai ml itservic itconsult professionalservic
1891928495682375863,2025-02-18 19:11:18+00:00,3208054059,"Know your data! üîç In #BigData &amp; #ML, data comes in three forms:
üìä Structured : Organized, predefined, easy to analyze.
üìÑ Semi-structured : Some order, but not strictly formatted.
üå™Ô∏è Unstructured : Raw, messy, and full of hidden insights.
#MachineLearning #DataScience",1,1,know data bigdata amp ml data come three form structur organ predefin easi analyz semistructur order strictli format unstructur raw messi full hidden insightsmachinelearn datasci
1891928196095922365,2025-02-18 19:10:06+00:00,113480268,"üì¢ Join #InfoQ's article writing competition!

Top-rated authors win #FreeTickets to prominent software development conferences such as #QCon and #InfoQDevSummit!

Enter now üëâ 

#AI #ML #DataEngineering #SoftwareArchitecture #DevOps #CloudComputing",0,0,join infoq articl write competitiontopr author win freeticket promin softwar develop confer qcon infoqdevsummitent ai ml dataengin softwarearchitectur devop cloudcomput
1891926934449504587,2025-02-18 19:05:06+00:00,1060535823173644290,Fully automated and human-assisted AI-based measurements of pleural effusion on CT    #ChestRad #DeepLearning #ML,0,0,fulli autom humanassist aibas measur pleural effus ct chestrad deeplearn ml
1891926910583943442,2025-02-18 19:05:00+00:00,3231245571,"#AI vs lottery     #ML 50 %   #AI, #LotterySystems #AR 100 %   Possible profit  24000 %   Training data ML  10 k   Time authenticity 100 %   Brute force  0,050 %        #Innovation #startups",0,0,ai v lotteri ml ai lotterysystem ar possibl profit train data ml k time authent brute forc innov startup
1891924180980904290,2025-02-18 18:54:09+00:00,1339328718385405952,"Digital transformation boosts efficiency, enhances customer experience, provides data insights, fosters innovation, improves collaboration, and drives competitive advantage.


#Synkriom #TechEvolution üöÄ #DigitalTransformation #ml #ai",0,0,digit transform boost effici enhanc custom experi provid data insight foster innov improv collabor drive competit advantagesynkriom techevolut digitaltransform ml ai
1891923915800277159,2025-02-18 18:53:06+00:00,14100646,"üì¢ Join #InfoQ's article writing competition!

Top-rated authors win #FreeTickets to prominent software development conferences such as #QCon and #InfoQDevSummit!

Enter now üëâ 

#AI #ML #DataEngineering #SoftwareArchitecture #DevOps #CloudComputing",0,0,join infoq articl write competitiontopr author win freeticket promin softwar develop confer qcon infoqdevsummitent ai ml dataengin softwarearchitectur devop cloudcomput
1891923412664066253,2025-02-18 18:51:06+00:00,534563976,"I just added more FREE downloadable resources for my  Subscribers. 2800+ resources are now available for subscribers to my  account. Subscribe for only US$4.99/month.
üåüüåüüåüüåüüåü
#MachineLearning #AI #DataScience #Python #Mathematics #Statistics #SQL #GenAI #IoT #ML #Fintech",3,0,ad free download resourc subscrib resourc avail subscrib account subscrib usmonthmachinelearn ai datasci python mathemat statist sql genai iot ml fintech
1891923406418804850,2025-02-18 18:51:04+00:00,1891921744270852096,"Eli surf this friday, tail if u want #ML #fersur",0,0,eli surf friday tail u want ml fersur
1891921953956446452,2025-02-18 18:45:18+00:00,1883175705124716544,"Demystifying Swift's¬†autoreleasepool: Memory Management Made (Relatively) Easy! üßµ‚¨áÔ∏è



#Swift #iOSDevelopment #MemoryManagement #Performance #Autoreleasepool #Programming #SwiftLanguage #MobileDevelopment #AI #ArtificialIntelligence #MachineLearning #ML",0,0,demystifi swiftsautoreleasepool memori manag made rel easi swift iosdevelop memorymanag perform autoreleasepool program swiftlanguag mobiledevelop ai artificialintellig machinelearn ml
1891921197358600625,2025-02-18 18:42:18+00:00,1169697972,"ü´µ 

¬ªThinking Machine Labs is ex-OpenAI CTO Mira Murati‚Äôs new startup¬´  #AIagent #AI #ML #NLP #LLM #GenAI",0,0,think machin lab exopenai cto mira murati new startup aiagent ai ml nlp llm genai
1891921047148015820,2025-02-18 18:41:42+00:00,1452743033976356867,"Big news this month: AIP is moving toward becoming a publicly traded company, while AI is evolving at lightning speed. üöÄ

We have entered a Memorandum of Understanding with Railtown AI Technologies AI with the intent to combine with them.



#aip #ai #ml",0,0,big news month aip move toward becom publicli trade compani ai evolv lightn speed enter memorandum understand railtown ai technolog ai intent combin themaip ai ml
1891920867094855958,2025-02-18 18:40:59+00:00,1839034674653380608,"üöÄ AI Tokenomics: More Than Just Hype

Optimizing AI isn‚Äôt just about more GPUs‚Äîit‚Äôs about maximizing every token, FLOP &amp; byte. WEKA‚Äôs latest research shows...

üí° See the lab results: üîó  #AI #ML #Tokenomics #GPUs üöÄ",0,0,ai tokenom hypeoptim ai isnt gpusit maxim everi token flop amp byte weka latest research show see lab result ai ml tokenom gpu
1891917815860355097,2025-02-18 18:28:52+00:00,1629373825916780546,"Hardware Architect (AI Sub-system) 
Renesas Electronics



Follow to be updated on new #jobs in #AI !

#ML #AIJobs #AITalent #hiring
#SystemsArchitecture
#Beijing",0,0,hardwar architect ai subsystem renesa electronicsfollow updat new job ai ml aijob aital hiringsystemsarchitecturebeij
1891915333528698887,2025-02-18 18:19:00+00:00,7365972,"sn-news: #electronics #semiconductors #processors #ai #ml Vertical Compute, a new imec spin-off, raises ‚Ç¨20 million to Revolutionize the Future of AI Computing",0,0,snnew electron semiconductor processor ai ml vertic comput new imec spinoff rais million revolution futur ai comput
1891911839727894823,2025-02-18 18:05:07+00:00,1333574828796817408,"The future of industrial automation isn't coming... it's already here, and it's happening live at PROVEIT! 
‚ö°Booth 26
#IIoT #AI #machinelearning #ML #ProveIt2025 #Industry40 #Manufacturing #DigitalTransformation",0,0,futur industri autom isnt come alreadi happen live proveit booth iiot ai machinelearn ml proveit industri manufactur digitaltransform
1891910690899677691,2025-02-18 18:00:33+00:00,24230328,"Government agencies rely on data to drive decisions that impact citizens &amp; national security. Our #AI, #ML &amp; HPC solutions provide the tools needed to securely manage data, improve decision-making &amp; ensure compliance:",0,0,govern agenc reli data drive decis impact citizen amp nation secur ai ml amp hpc solut provid tool need secur manag data improv decisionmak amp ensur complianc
1891910599874847227,2025-02-18 18:00:11+00:00,1115985999178420224,"Learn how to get published with Towards AI ‚Üí  
Join 2,000 contributors and reach our audience of 360,000 followers.
#MachineLearning #ML #AI  #DataScience #DeepLearning #TowardsAI",1,1,learn get publish toward ai join contributor reach audienc followersmachinelearn ml ai datasci deeplearn towardsai
1891905321817256384,2025-02-18 17:39:13+00:00,1562136767230361600,"üî• Engaging Crypto &amp; AI Insights
1Ô∏è‚É£ Can AI Predict Bitcoin‚Äôs Next Move?
üìä Machine learning is shaping crypto trading like never before! Could AI beat human traders?
#AI #Bitcoin #CryptoTrading #ML #Web3",1,0,engag crypto amp ai insight ai predict bitcoin next move machin learn shape crypto trade like never could ai beat human tradersai bitcoin cryptotrad ml web
1891904363544645864,2025-02-18 17:35:24+00:00,1863255298300903424,"Day 73 of my learning journey
Today, I discussed MLP PYQs, revisiting key concepts and problem-solving approaches. üìñüí°
#ML #DeepLearning #MLP",0,0,day learn journeytoday discus mlp pyq revisit key concept problemsolv approach ml deeplearn mlp
1891904020077306278,2025-02-18 17:34:02+00:00,1727360394,Why context-aware #AI agents will give us superpowers in 2025 -  #AIagents #AR #AIagents #ML #tech,0,0,contextawar ai agent give u superpow aiagent ar aiagent ml tech
